"","ID","Description","GeneRatio","BgRatio","pvalue","p.adjust","qvalue","geneID","Count"
"GO:0022626","GO:0022626","cytosolic ribosome","34/264","89/7043",2.80856751263418e-26,9.52104386782987e-24,6.9179452416463e-24,"RPS12/RPL8/RPL5/RPL11/RPL7/ISG15/RPL12/RPL27/RPS24/RPL32/RPL31/RPS2/RPS18/RPL19/RPS4X/RPL13A/RPS13/RPS21/RPL41/HBA2/RPS9/RPL10/RACK1/RPS16/FAU/RPS8/RPS25/RPL36AL/RPS27A/RPS20/RPL10A/RPS3/RPL7A/RPL35A",34
"GO:0044391","GO:0044391","ribosomal subunit","35/264","144/7043",1.34812851842921e-19,2.28507783873751e-17,1.66032670164439e-17,"RPS12/RPL8/RPL5/RPL11/RPL7/ISG15/RPL12/RPL27/RPS24/RPL32/RPL31/RPS2/RPS18/RPL19/RPS4X/RPL13A/RPS13/RPS21/RPL41/HBA2/RPS9/RPL10/RACK1/RPS16/FAU/MRPL41/RPS8/RPS25/RPL36AL/RPS27A/RPS20/RPL10A/RPS3/RPL7A/RPL35A",35
"GO:0005840","GO:0005840","ribosome","35/264","163/7043",9.79040931080065e-18,1.10631625212047e-15,8.0384413288679e-16,"RPS12/RPL8/RPL5/RPL11/RPL7/ISG15/RPL12/RPL27/RPS24/RPL32/RPL31/RPS2/RPS18/RPL19/RPS4X/RPL13A/RPS13/RPS21/RPL41/HBA2/RPS9/RPL10/RACK1/RPS16/FAU/MRPL41/RPS8/RPS25/RPL36AL/RPS27A/RPS20/RPL10A/RPS3/RPL7A/RPL35A",35
"GO:0022627","GO:0022627","cytosolic small ribosomal subunit","18/264","37/7043",1.12213385943373e-16,9.26973899625558e-15,6.73534831586339e-15,"RPS12/ISG15/RPS24/RPS2/RPS18/RPS4X/RPS13/RPS21/HBA2/RPS9/RACK1/RPS16/FAU/RPS8/RPS25/RPS27A/RPS20/RPS3",18
"GO:0019814","GO:0019814","immunoglobulin complex","31/264","136/7043",1.36721814104065e-16,9.26973899625558e-15,6.73534831586339e-15,"IGHG1/IGHG2/IGLV1-44/IGHV1-18/IGHV3-7/IGHA1/IGKV3-15/IGHV5-51/IGHV3-11/IGLV2-14/IGLC2/IGLV3-25/IGKC/IGKJ1/IGLV3-21/PIGR/IGHV3-23/IGHV3-30/IGLV3-19/IGKV1-5/IGHV7-4-1/IGKV3-20/IGHV1-24/IGHV4-39/IGHV4-34/IGHV3-73/IGHV4-59/IGLV2-23/IGKV1-17/IGHD/IGHV3-64D",31
"GO:0042571","GO:0042571","immunoglobulin complex, circulating","21/264","62/7043",2.37255245254321e-15,1.34049213568692e-13,9.73995217359845e-14,"IGHG1/IGHG2/IGHV1-18/IGHV3-7/IGHA1/IGHV5-51/IGHV3-11/IGLC2/IGKC/PIGR/IGHV3-23/IGHV3-30/IGHV7-4-1/IGKV3-20/IGHV1-24/IGHV4-39/IGHV4-34/IGHV3-73/IGHV4-59/IGHD/IGHV3-64D",21
"GO:0015935","GO:0015935","small ribosomal subunit","18/264","57/7043",1.00282714435441e-12,4.85654859908781e-11,3.52874513953283e-11,"RPS12/ISG15/RPS24/RPS2/RPS18/RPS4X/RPS13/RPS21/HBA2/RPS9/RACK1/RPS16/FAU/RPS8/RPS25/RPS27A/RPS20/RPS3",18
"GO:0098552","GO:0098552","side of membrane","43/264","344/7043",1.2194068946279e-12,5.16723671598574e-11,3.75448964924907e-11,"IGHG1/IGHG2/B2M/HLA-DRA/IGHV1-18/IGHV3-7/SDC1/IGHA1/HLA-B/IGHV5-51/HLA-A/IGHV3-11/IGLC2/HLA-C/HLA-DRB1/TAPBP/IGKC/S100A6/EEF1A1/FGA/RPL27/FGG/ANXA1/HLA-DRB5/SCNN1B/IGHV3-23/GNAS/RAC1/TMEM123/IGHV3-30/HLA-DPA1/HLA-E/IGHV7-4-1/IGHV1-24/IGHV4-39/IGHV4-34/IGHV3-73/IGHV4-59/BCAM/F3/EZR/IGHD/IGHV3-64D",43
"GO:0072562","GO:0072562","blood microparticle","22/264","100/7043",9.43430165732838e-12,3.55358695759369e-10,2.58201940095303e-10,"IGHG1/IGHG2/IGHV3-7/IGHA1/IGKV3-15/IGLC2/IGLV3-25/IGKC/FGA/FGG/C1QB/APOE/HBA2/IGLV3-21/IGHV3-23/PFN1/ACTG1/IGKV1-5/IGKV3-20/IGKV1-17/YWHAZ/IGHD",22
"GO:0022625","GO:0022625","cytosolic large ribosomal subunit","16/264","52/7043",2.98412174932188e-11,1.01161727302012e-09,7.3503630456981e-10,"RPL8/RPL5/RPL11/RPL7/RPL12/RPL27/RPL32/RPL31/RPL19/RPL13A/RPL41/RPL10/RPL36AL/RPL10A/RPL7A/RPL35A",16
"GO:0009986","GO:0009986","cell surface","49/264","495/7043",1.63183069323113e-10,5.02900550004866e-09,3.65405150446013e-09,"IGHG1/IGHG2/B2M/PDIA4/HLA-DRA/ENO1/IGHV1-18/IGHV3-7/SDC1/IGHA1/HLA-B/BGN/IGHV5-51/HLA-A/IGHV3-11/IGLC2/HLA-C/HLA-DRB1/LGALS3/IGKC/FGA/FGG/HSPA5/TYROBP/AGER/ANXA1/SCNN1B/CD63/HSP90AA1/IGHV3-23/TMEM123/ATP5F1B/IGHV3-30/HLA-DPA1/HLA-E/IGHV7-4-1/IGHV1-24/IGHV4-39/IGHV4-34/IGHV3-73/IGHV4-59/AREG/BCAM/F3/VAMP5/WIF1/PDIA3/IGHD/IGHV3-64D",49
"GO:0009897","GO:0009897","external side of plasma membrane","30/264","236/7043",2.88058068004104e-09,8.13764042111595e-08,5.91277086955793e-08,"IGHG1/IGHG2/B2M/IGHV1-18/IGHV3-7/SDC1/IGHA1/IGHV5-51/IGHV3-11/IGLC2/HLA-DRB1/IGKC/FGA/FGG/ANXA1/SCNN1B/IGHV3-23/TMEM123/IGHV3-30/HLA-E/IGHV7-4-1/IGHV1-24/IGHV4-39/IGHV4-34/IGHV3-73/IGHV4-59/BCAM/F3/IGHD/IGHV3-64D",30
"GO:0098800","GO:0098800","inner mitochondrial membrane protein complex","19/264","104/7043",7.19937506044537e-09,1.87737549653152e-07,1.36409211671596e-07,"COX2/COX1/ND5/SLC25A6/NDUFS5/COX3/ND2/ND4L/ATP6/CYTB/ND3/ND4/NDUFA1/ND6/ND1/ROMO1/ATP8/ATP5F1B/NDUFB7",19
"GO:1990904","GO:1990904","ribonucleoprotein complex","43/264","458/7043",1.31028646348875e-08,3.17276507944777e-07,2.30531603350653e-07,"RPS12/GAPDH/ZFP36L1/RPL8/LGALS3/RPL5/RPL11/RPL7/ISG15/RPL12/RPL27/RPS24/RPL32/RPL31/RPS2/RPS18/RPL19/RPS4X/RPL13A/RPS13/EIF1/RPS21/RPL41/HBA2/RPS9/RN7SL1/RPL10/RACK1/RPS16/FAU/MRPL41/RPS8/RPS25/RPL36AL/RPS27A/RPS20/ILF2/YBX1/RPL10A/RPS3/RPL7A/RPL35A/PABPC1",43
"GO:0042611","GO:0042611","MHC protein complex","9/264","20/7043",1.4923909498414e-08,3.37280354664158e-07,2.45066303342378e-07,"B2M/HLA-DRA/HLA-B/HLA-A/HLA-C/HLA-DRB1/HLA-DRB5/HLA-DPA1/HLA-E",9
"GO:0005925","GO:0005925","focal adhesion","33/264","303/7043",2.29102997028949e-08,4.85411974955086e-07,3.52698034899829e-07,"B2M/RPL8/TNC/BSG/RPL5/RPL7/RPL12/RPL27/RPL31/RPS2/RPS18/HSPA5/RPL19/RPS4X/RPL13A/RPS13/RPS9/ANXA1/HSPB1/RPS16/RPS8/PFN1/RAC1/ALOX15B/ACTG1/RPL10A/RPS3/RHOB/RPL7A/PDIA3/EZR/YWHAZ/PABPC1",33
"GO:0015934","GO:0015934","large ribosomal subunit","17/264","90/7043",2.72009653281354e-08,5.424192497787e-07,3.94119249955646e-07,"RPL8/RPL5/RPL11/RPL7/RPL12/RPL27/RPL32/RPL31/RPL19/RPL13A/RPL41/RPL10/MRPL41/RPL36AL/RPL10A/RPL7A/RPL35A",17
"GO:0030055","GO:0030055","cell-substrate junction","33/264","308/7043",3.42975594693548e-08,6.45937370006182e-07,4.69335024317487e-07,"B2M/RPL8/TNC/BSG/RPL5/RPL7/RPL12/RPL27/RPL31/RPS2/RPS18/HSPA5/RPL19/RPS4X/RPL13A/RPS13/RPS9/ANXA1/HSPB1/RPS16/RPS8/PFN1/RAC1/ALOX15B/ACTG1/RPL10A/RPS3/RHOB/RPL7A/PDIA3/EZR/YWHAZ/PABPC1",33
"GO:0071556","GO:0071556","integral component of lumenal side of endoplasmic reticulum membrane","9/264","23/7043",6.57504560038248e-08,1.11447022926483e-06,8.09768773941842e-07,"HLA-DRA/HLA-B/HLA-A/HLA-C/HLA-DRB1/TAPBP/HLA-DRB5/HLA-DPA1/HLA-E",9
"GO:0098553","GO:0098553","lumenal side of endoplasmic reticulum membrane","9/264","23/7043",6.57504560038248e-08,1.11447022926483e-06,8.09768773941842e-07,"HLA-DRA/HLA-B/HLA-A/HLA-C/HLA-DRB1/TAPBP/HLA-DRB5/HLA-DPA1/HLA-E",9
"GO:0030139","GO:0030139","endocytic vesicle","25/264","199/7043",8.30232257107004e-08,1.34023207218702e-06,9.73806256456335e-07,"B2M/HLA-DRA/HLA-B/HLA-A/HLA-C/HLA-DRB1/TAPBP/SFTPB/SCGB3A2/SFTPA1/SFTPC/SFTPA2/APOE/HBA2/HLA-DRB5/HSP90AA1/RPS27A/ACTG1/UBC/HLA-DPA1/HLA-E/VAMP8/AREG/SNX3/PDIA3",25
"GO:0098803","GO:0098803","respiratory chain complex","14/264","67/7043",1.26288282766698e-07,1.94598762990502e-06,1.41394536686159e-06,"COX2/COX1/ND5/NDUFS5/COX3/ND2/ND4L/CYTB/ND3/ND4/NDUFA1/ND6/ND1/NDUFB7",14
"GO:0005746","GO:0005746","mitochondrial respirasome","14/264","68/7043",1.53761486939978e-07,2.1732544649097e-06,1.57907636947328e-06,"COX2/COX1/ND5/NDUFS5/COX3/ND2/ND4L/CYTB/ND3/ND4/NDUFA1/ND6/ND1/NDUFB7",14
"GO:0098576","GO:0098576","lumenal side of membrane","9/264","25/7043",1.53858723179448e-07,2.1732544649097e-06,1.57907636947328e-06,"HLA-DRA/HLA-B/HLA-A/HLA-C/HLA-DRB1/TAPBP/HLA-DRB5/HLA-DPA1/HLA-E",9
"GO:0070469","GO:0070469","respirasome","14/264","72/7043",3.25850643054678e-07,4.41853471982143e-06,3.21048633578082e-06,"COX2/COX1/ND5/NDUFS5/COX3/ND2/ND4L/CYTB/ND3/ND4/NDUFA1/ND6/ND1/NDUFB7",14
"GO:0005747","GO:0005747","mitochondrial respiratory chain complex I","10/264","35/7043",3.70173433934309e-07,4.48174264656182e-06,3.25641291506122e-06,"ND5/NDUFS5/ND2/ND4L/ND3/ND4/NDUFA1/ND6/ND1/NDUFB7",10
"GO:0030964","GO:0030964","NADH dehydrogenase complex","10/264","35/7043",3.70173433934309e-07,4.48174264656182e-06,3.25641291506122e-06,"ND5/NDUFS5/ND2/ND4L/ND3/ND4/NDUFA1/ND6/ND1/NDUFB7",10
"GO:0045271","GO:0045271","respiratory chain complex I","10/264","35/7043",3.70173433934309e-07,4.48174264656182e-06,3.25641291506122e-06,"ND5/NDUFS5/ND2/ND4L/ND3/ND4/NDUFA1/ND6/ND1/NDUFB7",10
"GO:0042788","GO:0042788","polysomal ribosome","9/264","28/7043",4.71079171214259e-07,5.50675307040116e-06,4.0011806193879e-06,"RPL8/RPL11/RPL32/RPL31/RPL19/RPS21/RPL41/RPL10A/RPL7A",9
"GO:0005844","GO:0005844","polysome","11/264","48/7043",1.09731539717862e-06,1.23996639881184e-05,9.00953694525606e-06,"RPL8/RPL11/RPL32/RPL31/RPL19/RPS4X/RPS21/RPL41/RPL10A/RPS3/RPL7A",11
"GO:1990204","GO:1990204","oxidoreductase complex","14/264","84/7043",2.31061904113922e-06,2.52677372563289e-05,1.83594178481011e-05,"COX1/ND5/NDUFS5/ND2/ND4L/CYTB/LDHA/ND3/ND4/NDUFA1/ND6/ND1/RAC1/NDUFB7",14
"GO:0012507","GO:0012507","ER to Golgi transport vesicle membrane","10/264","45/7043",4.61509240634699e-06,4.88911351797384e-05,3.55240665488551e-05,"B2M/HLA-DRA/HLA-B/HLA-A/HLA-C/HLA-DRB1/HLA-DRB5/HLA-DPA1/HLA-E/AREG",10
"GO:1902495","GO:1902495","transmembrane transporter complex","15/264","109/7043",1.16722196028687e-05,0.000119905528647651,8.71227874663885e-05,"COX1/ND5/NDUFS5/ND2/ND4L/CYTB/ND3/ND4/NDUFA1/SCNN1A/SCNN1B/ND6/ND1/ATP1B1/NDUFB7",15
"GO:0062023","GO:0062023","collagen-containing extracellular matrix","25/264","260/7043",1.23939907300953e-05,0.000123575378161832,8.97892826886159e-05,"LUM/TIMP1/MDK/AEBP1/BGN/PSAP/S100A10/TNC/LGALS3/COL3A1/S100A6/FGA/LGALS4/S100A4/FGG/C1QB/APOE/ANXA1/HSP90AA1/S100A9/HDGF/LGALS1/BCAM/F3/COL1A2",25
"GO:0045334","GO:0045334","clathrin-coated endocytic vesicle","11/264","62/7043",1.54785095303265e-05,0.000149920420879448,0.000108931465566809,"HLA-DRA/HLA-DRB1/SFTPB/SFTPA1/SFTPC/SFTPA2/APOE/HLA-DRB5/HLA-DPA1/VAMP8/AREG",11
"GO:0098798","GO:0098798","mitochondrial protein-containing complex","20/264","188/7043",2.22126204280098e-05,0.000209168842363759,0.000151981087139014,"COX2/COX1/ND5/SLC25A6/NDUFS5/COX3/ND2/ND4L/ATP6/CYTB/ND3/ND4/NDUFA1/ND6/ND1/ROMO1/MRPL41/ATP8/ATP5F1B/NDUFB7",20
"GO:0030666","GO:0030666","endocytic vesicle membrane","15/264","121/7043",4.14427818743821e-05,0.000379705487984203,0.00027589220365876,"B2M/HLA-DRA/HLA-B/HLA-A/HLA-C/HLA-DRB1/TAPBP/APOE/HLA-DRB5/RPS27A/UBC/HLA-DPA1/HLA-E/VAMP8/AREG",15
"GO:1990351","GO:1990351","transporter complex","15/264","124/7043",5.53434219578217e-05,0.00049372158009741,0.000358735754518844,"COX1/ND5/NDUFS5/ND2/ND4L/CYTB/ND3/ND4/NDUFA1/SCNN1A/SCNN1B/ND6/ND1/ATP1B1/NDUFB7",15
"GO:0030134","GO:0030134","COPII-coated ER to Golgi transport vesicle","11/264","71/7043",5.7801441592601e-05,0.00050242791538184,0.000365061736374322,"B2M/HLA-DRA/HLA-B/HLA-A/HLA-C/HLA-DRB1/HLA-DRB5/HLA-DPA1/HLA-E/AREG/TMED9",11
"GO:0005743","GO:0005743","mitochondrial inner membrane","23/264","257/7043",8.64367675092462e-05,0.000732551604640861,0.000532268515714832,"COX2/COX1/ND5/SLC25A6/NDUFS5/COX3/ND2/IFI6/ND4L/ATP6/CYTB/LGALS3/ND3/ND4/NDUFA1/ND6/ND1/ROMO1/MRPL41/ATP8/ATP5F1B/RPS3/NDUFB7",23
"GO:0042613","GO:0042613","MHC class II protein complex","5/264","14/7043",0.000107998877034874,0.000892966324751766,0.000648825089246742,"B2M/HLA-DRA/HLA-DRB1/HLA-DRB5/HLA-DPA1",5
"GO:0031012","GO:0031012","extracellular matrix","26/264","317/7043",0.0001281470194764,0.00103432951434523,0.00075153891121498,"LUM/TIMP1/MDK/AEBP1/BGN/PSAP/S100A10/TNC/LGALS3/COL3A1/S100A6/FGA/LGALS4/S100A4/FGG/C1QB/APOE/ANXA1/HSP90AA1/S100A9/HDGF/PRSS2/LGALS1/BCAM/F3/COL1A2",26
"GO:0030312","GO:0030312","external encapsulating structure","26/264","318/7043",0.00013491205662151,0.00106360900452772,0.000772813249680133,"LUM/TIMP1/MDK/AEBP1/BGN/PSAP/S100A10/TNC/LGALS3/COL3A1/S100A6/FGA/LGALS4/S100A4/FGG/C1QB/APOE/ANXA1/HSP90AA1/S100A9/HDGF/PRSS2/LGALS1/BCAM/F3/COL1A2",26
"GO:0005770","GO:0005770","late endosome","16/264","150/7043",0.000144453662820909,0.00111294981127928,0.000808664045456766,"HLA-DRA/GRN/PSAP/HLA-DRB1/SFTPB/SFTPA1/SFTPC/SFTPA2/NAPSA/HLA-DRB5/CD63/IFITM3/VAMP8/PLD3/RHOB/VAMP5",16
"GO:0034774","GO:0034774","secretory granule lumen","21/264","232/7043",0.000150469881175833,0.00113353977152461,0.000823624612751925,"B2M/TIMP1/FTL/GRN/EEF1A1/GSTP1/FGA/S100P/QPCT/FGG/LYZ/TMSB4X/HSP90AA1/S100A11/TUBB4B/S100A9/ILF2/GRP/NPC2/PRSS2/LCN2",21
"GO:0060205","GO:0060205","cytoplasmic vesicle lumen","21/264","233/7043",0.00015987402735857,0.00117820207118598,0.000856076027503555,"B2M/TIMP1/FTL/GRN/EEF1A1/GSTP1/FGA/S100P/QPCT/FGG/LYZ/TMSB4X/HSP90AA1/S100A11/TUBB4B/S100A9/ILF2/GRP/NPC2/PRSS2/LCN2",21
"GO:0031983","GO:0031983","vesicle lumen","21/264","235/7043",0.000180254202117294,0.00130013137271836,0.000944669278733411,"B2M/TIMP1/FTL/GRN/EEF1A1/GSTP1/FGA/S100P/QPCT/FGG/LYZ/TMSB4X/HSP90AA1/S100A11/TUBB4B/S100A9/ILF2/GRP/NPC2/PRSS2/LCN2",21
"GO:0019866","GO:0019866","organelle inner membrane","24/264","288/7043",0.000184376942489972,0.00130216215633543,0.000946144836461698,"COX2/COX1/ND5/SLC25A6/NDUFS5/COX3/ND2/IFI6/ND4L/ATP6/CYTB/LGALS3/ND3/ND4/NDUFA1/ND6/ND1/IFI27/ROMO1/MRPL41/ATP8/ATP5F1B/RPS3/NDUFB7",24
"GO:0042599","GO:0042599","lamellar body","5/264","16/7043",0.000221511002300141,0.00153249448530098,0.00111350321242176,"SFTPB/SFTPA1/SFTPC/SFTPA2/NAPSA",5
"GO:0030135","GO:0030135","coated vesicle","18/264","192/7043",0.000291251043086427,0.00197468207212598,0.00143479461225735,"B2M/HLA-DRA/HLA-B/HLA-A/HLA-C/HLA-DRB1/SFTPB/SFTPA1/SFTPC/SFTPA2/APOE/HLA-DRB5/HLA-DPA1/HLA-E/VAMP8/AREG/TMED9/SNX3",18
"GO:0031901","GO:0031901","early endosome membrane","11/264","86/7043",0.000335697876613144,0.00223140353278149,0.00162132720593345,"B2M/HLA-DRA/HLA-B/HLA-A/HLA-C/ANXA1/IFITM3/HLA-E/VAMP8/PLD3/SNX3",11
"GO:0030176","GO:0030176","integral component of endoplasmic reticulum membrane","12/264","103/7043",0.000437757879335941,0.00285384463644008,0.0020735899547492,"B2M/HLA-DRA/HLA-B/HLA-A/HLA-C/HLA-DRB1/TAPBP/HSPA5/HLA-DRB5/HLA-DPA1/HLA-E/PDIA3",12
"GO:0030136","GO:0030136","clathrin-coated vesicle","13/264","121/7043",0.000564132688923845,0.00359394373725084,0.00261134244532432,"HLA-DRA/HLA-DRB1/SFTPB/SFTPA1/SFTPC/SFTPA2/APOE/HLA-DRB5/HLA-DPA1/VAMP8/AREG/TMED9/SNX3",13
"GO:0031966","GO:0031966","mitochondrial membrane","28/264","387/7043",0.000572486613013408,0.00359394373725084,0.00261134244532432,"COX2/COX1/ND5/SLC25A6/NDUFS5/COX3/ND2/IFI6/ND4L/ATP6/CYTB/LGALS3/ND3/ND4/NDUFA1/ND6/ND1/IFI27/ROMO1/MRPL41/ATP8/RPS27A/ATP5F1B/PGRMC1/UBC/RPS3/NDUFB7/PLA2G2A",28
"GO:0031227","GO:0031227","intrinsic component of endoplasmic reticulum membrane","12/264","109/7043",0.000734875175044462,0.00452950335163768,0.00329111561646706,"B2M/HLA-DRA/HLA-B/HLA-A/HLA-C/HLA-DRB1/TAPBP/HSPA5/HLA-DRB5/HLA-DPA1/HLA-E/PDIA3",12
"GO:0031904","GO:0031904","endosome lumen","5/264","21/7043",0.000884615696047624,0.00535508430285972,0.00389097881344255,"B2M/SFTPB/SFTPC/NAPSA/CD63",5
"GO:0045335","GO:0045335","phagocytic vesicle","10/264","82/7043",0.000911885656614115,0.00542331995775763,0.0039405585161164,"B2M/HLA-B/HLA-A/HLA-C/TAPBP/ACTG1/HLA-E/VAMP8/SNX3/PDIA3",10
"GO:0055038","GO:0055038","recycling endosome membrane","8/264","58/7043",0.0013197568141318,0.00771375103432208,0.0056047748549336,"B2M/HLA-B/HLA-A/HLA-C/RAC1/HLA-E/VAMP8/PDIA3",8
"GO:0005740","GO:0005740","mitochondrial envelope","28/264","411/7043",0.0014529198826866,0.00834813288526709,0.00606571369399938,"COX2/COX1/ND5/SLC25A6/NDUFS5/COX3/ND2/IFI6/ND4L/ATP6/CYTB/LGALS3/ND3/ND4/NDUFA1/ND6/ND1/IFI27/ROMO1/MRPL41/ATP8/RPS27A/ATP5F1B/PGRMC1/UBC/RPS3/NDUFB7/PLA2G2A",28
"GO:0030669","GO:0030669","clathrin-coated endocytic vesicle membrane","7/264","48/7043",0.00189349608442217,0.0106982528769852,0.00777329971499626,"HLA-DRA/HLA-DRB1/APOE/HLA-DRB5/HLA-DPA1/VAMP8/AREG",7
"GO:0030662","GO:0030662","coated vesicle membrane","12/264","123/7043",0.00212004354857775,0.0117000645936406,0.00850121134889586,"B2M/HLA-DRA/HLA-B/HLA-A/HLA-C/HLA-DRB1/APOE/HLA-DRB5/HLA-DPA1/HLA-E/VAMP8/AREG",12
"GO:0030670","GO:0030670","phagocytic vesicle membrane","7/264","49/7043",0.00213983482243575,0.0117000645936406,0.00850121134889586,"B2M/HLA-B/HLA-A/HLA-C/TAPBP/HLA-E/VAMP8",7
"GO:0005775","GO:0005775","vacuolar lumen","12/264","125/7043",0.00243006588090375,0.0130760687877202,0.00950100945917256,"LUM/FTL/GRN/SDC1/BGN/PSAP/LYZ/HSP90AA1/TUBB4B/NPC2/PLD3/PRSS2",12
"GO:0010008","GO:0010008","endosome membrane","21/264","289/7043",0.00266765721706657,0.0141302468216495,0.0102669702104207,"B2M/HLA-DRA/HLA-B/HLA-A/HLA-C/HLA-DRB1/ANXA1/HLA-DRB5/CD63/IFITM3/RAC1/RPS27A/UBC/HLA-DPA1/HLA-E/VAMP8/PLD3/RHOB/SNX3/CD164/PDIA3",21
"GO:0030658","GO:0030658","transport vesicle membrane","11/264","112/7043",0.00305102538405905,0.0159122708491695,0.0115617804027501,"B2M/HLA-DRA/HLA-B/HLA-A/HLA-C/HLA-DRB1/CPE/HLA-DRB5/HLA-DPA1/HLA-E/AREG",11
"GO:0042470","GO:0042470","melanosome","9/264","82/7043",0.00340697368650271,0.0172382698466331,0.0125252449747311,"PDIA4/BSG/HSPA5/CD63/HSP90AA1/RAC1/PRDX1/PDIA3/YWHAZ",9
"GO:0048770","GO:0048770","pigment granule","9/264","82/7043",0.00340697368650271,0.0172382698466331,0.0125252449747311,"PDIA4/BSG/HSPA5/CD63/HSP90AA1/RAC1/PRDX1/PDIA3/YWHAZ",9
"GO:0005771","GO:0005771","multivesicular body","6/264","42/7043",0.00441695613394665,0.0220198254324693,0.0159995005471133,"SFTPB/SFTPA1/SFTPC/SFTPA2/NAPSA/CD63",6
"GO:0071682","GO:0071682","endocytic vesicle lumen","4/264","19/7043",0.00479156085325966,0.0235411468007974,0.0171048854258239,"SCGB3A2/APOE/HBA2/HSP90AA1",4
"GO:0005788","GO:0005788","endoplasmic reticulum lumen","16/264","209/7043",0.00511270492472988,0.024760099564049,0.0179905707125833,"B2M/PDIA4/TIMP1/IGFBP5/TNC/SPP1/COL3A1/IGFBP4/FGA/FGG/HSPA5/APOE/LGALS1/BPIFB2/PDIA3/COL1A2",16
"GO:0000323","GO:0000323","lytic vacuole","27/264","429/7043",0.00531932049227573,0.0250451339844649,0.0181976753683117,"LUM/HLA-DRA/FTL/GRN/SDC1/BGN/PSAP/HLA-DRB1/EEF1A1/SFTPB/LYZ/NAPSA/HLA-DRB5/CD63/HSP90AA1/PIGR/TUBB4B/IFITM3/WDR45B/AKR1B10/HLA-DPA1/NPC2/VAMP8/PLD3/PRSS2/CD164/IFITM1",27
"GO:0005764","GO:0005764","lysosome","27/264","429/7043",0.00531932049227573,0.0250451339844649,0.0181976753683117,"LUM/HLA-DRA/FTL/GRN/SDC1/BGN/PSAP/HLA-DRB1/EEF1A1/SFTPB/LYZ/NAPSA/HLA-DRB5/CD63/HSP90AA1/PIGR/TUBB4B/IFITM3/WDR45B/AKR1B10/HLA-DPA1/NPC2/VAMP8/PLD3/PRSS2/CD164/IFITM1",27
"GO:0005581","GO:0005581","collagen trimer","6/264","45/7043",0.0062460287192008,0.0290055306275215,0.0210752807540445,"LUM/COL3A1/SFTPA1/C1QB/SFTPA2/COL1A2",6
"GO:0005766","GO:0005766","primary lysosome","10/264","108/7043",0.00704831753187504,0.0318583952440752,0.0231481586310001,"FTL/GRN/PSAP/LYZ/CD63/PIGR/TUBB4B/NPC2/VAMP8/PRSS2",10
"GO:0042582","GO:0042582","azurophil granule","10/264","108/7043",0.00704831753187504,0.0318583952440752,0.0231481586310001,"FTL/GRN/PSAP/LYZ/CD63/PIGR/TUBB4B/NPC2/VAMP8/PRSS2",10
"GO:0031902","GO:0031902","late endosome membrane","8/264","80/7043",0.00984503720112411,0.0439140475155404,0.031907738297272,"HLA-DRA/HLA-DRB1/HLA-DRB5/CD63/IFITM3/VAMP8/PLD3/RHOB",8
"GO:0042383","GO:0042383","sarcolemma","6/264","53/7043",0.0137348853660884,0.0604691706377139,0.0439366121075146,"BGN/KRT19/BSG/ANXA1/AQP1/ATP1B1",6
"GO:0098644","GO:0098644","complex of collagen trimers","3/264","14/7043",0.013944780030358,0.0606061593627099,0.0440361474642885,"LUM/COL3A1/COL1A2",3
"GO:0005773","GO:0005773","vacuole","27/264","464/7043",0.0144077774656236,0.0618257792512205,0.0449223174810917,"LUM/HLA-DRA/FTL/GRN/SDC1/BGN/PSAP/HLA-DRB1/EEF1A1/SFTPB/LYZ/NAPSA/HLA-DRB5/CD63/HSP90AA1/PIGR/TUBB4B/IFITM3/WDR45B/AKR1B10/HLA-DPA1/NPC2/VAMP8/PLD3/PRSS2/CD164/IFITM1",27
"GO:0043202","GO:0043202","lysosomal lumen","7/264","70/7043",0.0153670885055123,0.0651180375421082,0.0473144567143404,"LUM/SDC1/BGN/PSAP/HSP90AA1/NPC2/PLD3",7
"GO:0001772","GO:0001772","immunological synapse","4/264","27/7043",0.0171620213330667,0.0718262374309829,0.0521886028841795,"HLA-DRA/HLA-DRB1/LGALS3/EZR",4
"GO:0098984","GO:0098984","neuron to neuron synapse","10/264","125/7043",0.0185869412639618,0.0768411352254029,0.0558324037967529,"RPL8/ND2/RPL7/RPL12/RPS18/RPS13/RPS25/RPL10A/RPS3/YWHAZ",10
"GO:0035580","GO:0035580","specific granule lumen","5/264","43/7043",0.0214309350226572,0.0875311683455519,0.0635997310754825,"B2M/QPCT/LYZ/ILF2/LCN2",5
"GO:0005753","GO:0005753","mitochondrial proton-transporting ATP synthase complex","3/264","17/7043",0.0239835234220221,0.0945397027914594,0.0686920989076277,"ATP6/ATP8/ATP5F1B",3
"GO:0005790","GO:0005790","smooth endoplasmic reticulum","3/264","17/7043",0.0239835234220221,0.0945397027914594,0.0686920989076277,"HSPA5/RPL10/PGRMC1",3
"GO:0045259","GO:0045259","proton-transporting ATP synthase complex","3/264","17/7043",0.0239835234220221,0.0945397027914594,0.0686920989076277,"ATP6/ATP8/ATP5F1B",3
"GO:0070069","GO:0070069","cytochrome complex","4/264","30/7043",0.0245605214272117,0.0957013421129285,0.0695361405198735,"COX2/COX1/COX3/CYTB",4
"GO:0031301","GO:0031301","integral component of organelle membrane","14/264","209/7043",0.0250116402004386,0.0963516594085078,0.0700086579773042,"B2M/HLA-DRA/HLA-B/HLA-A/HLA-C/HLA-DRB1/CYTB/TAPBP/HSPA5/HLA-DRB5/HLA-DPA1/HLA-E/VAMP5/PDIA3",14
"GO:0014069","GO:0014069","postsynaptic density","9/264","113/7043",0.0255464837797054,0.0973062696777541,0.0707022732637617,"RPL8/ND2/RPL7/RPL12/RPS18/RPS13/RPS25/RPL10A/RPS3",9
"GO:0030665","GO:0030665","clathrin-coated vesicle membrane","7/264","78/7043",0.0263568276851846,0.0992773842808619,0.0721344757699789,"HLA-DRA/HLA-DRB1/APOE/HLA-DRB5/HLA-DPA1/VAMP8/AREG",7
"GO:0032279","GO:0032279","asymmetric synapse","9/264","114/7043",0.0268627189837822,0.100071008082441,0.0727111190538465,"RPL8/ND2/RPL7/RPL12/RPS18/RPS13/RPS25/RPL10A/RPS3",9
"GO:0055037","GO:0055037","recycling endosome","8/264","98/7043",0.0301614146065062,0.111138255995713,0.0807525288091813,"B2M/HLA-B/HLA-A/HLA-C/RAC1/HLA-E/VAMP8/PDIA3",8
"GO:0099572","GO:0099572","postsynaptic specialization","9/264","117/7043",0.0310979067656251,0.113356885952117,0.082364574795204,"RPL8/ND2/RPL7/RPL12/RPS18/RPS13/RPS25/RPL10A/RPS3",9
"GO:0030133","GO:0030133","transport vesicle","14/264","217/7043",0.0330591765812543,0.119224051713247,0.0866276295634211,"B2M/HLA-DRA/HLA-B/BGN/HLA-A/HLA-C/HLA-DRB1/CPE/HLA-DRB5/CHGA/HLA-DPA1/HLA-E/AREG/TMED9",14
"GO:0035578","GO:0035578","azurophil granule lumen","6/264","65/7043",0.0341589468570081,0.121893505100271,0.0885672417123533,"FTL/GRN/LYZ/TUBB4B/NPC2/PRSS2",6
"GO:0036126","GO:0036126","sperm flagellum","4/264","34/7043",0.0370208572236197,0.130729902070907,0.0949877257711294,"CD52/SCNN1A/HSP90AA1/ATP1B1",4
"GO:0045202","GO:0045202","synapse","26/264","482/7043",0.0374542815103691,0.130896921979537,0.0951090816432595,"RPL8/ND2/ARF4/RPL5/RPL7/RPL12/CALCA/RPS18/RPL19/C1QB/AGER/RPS13/RPS21/APOE/RPS9/RPL10/PFN1/RPS25/RAC1/RPS20/PGRMC1/ACTG1/RPL10A/RPS3/TMED9/YWHAZ",26
"GO:0098794","GO:0098794","postsynapse","14/264","223/7043",0.0402262707211546,0.139150058923177,0.101105771737381,"RPL8/ND2/ARF4/RPL7/RPL12/RPS18/C1QB/AGER/RPS13/RPS25/RAC1/ACTG1/RPL10A/RPS3",14
"GO:0030667","GO:0030667","secretory granule membrane","12/264","184/7043",0.0433128853815741,0.148313819639936,0.107764116738845,"HLA-B/PSAP/HLA-C/LGALS3/BSG/CPE/TYROBP/CD63/PIGR/RAC1/PGRMC1/VAMP8",12
"GO:0097729","GO:0097729","9+2 motile cilium","4/264","36/7043",0.0443905378693508,0.150483923377099,0.109340903804506,"CD52/SCNN1A/HSP90AA1/ATP1B1",4
"GO:0005765","GO:0005765","lysosomal membrane","14/264","227/7043",0.0455816280680077,0.151491881520143,0.110073281402619,"HLA-DRA/GRN/PSAP/HLA-DRB1/EEF1A1/HLA-DRB5/CD63/PIGR/IFITM3/HLA-DPA1/VAMP8/PLD3/CD164/IFITM1",14
"GO:0098852","GO:0098852","lytic vacuole membrane","14/264","227/7043",0.0455816280680077,0.151491881520143,0.110073281402619,"HLA-DRA/GRN/PSAP/HLA-DRB1/EEF1A1/HLA-DRB5/CD63/PIGR/IFITM3/HLA-DPA1/VAMP8/PLD3/CD164/IFITM1",14
"GO:0031300","GO:0031300","intrinsic component of organelle membrane","14/264","228/7043",0.0469953140444762,0.152961119349526,0.111140822629372,"B2M/HLA-DRA/HLA-B/HLA-A/HLA-C/HLA-DRB1/CYTB/TAPBP/HSPA5/HLA-DRB5/HLA-DPA1/HLA-E/VAMP5/PDIA3",14
"GO:0031514","GO:0031514","motile cilium","5/264","53/7043",0.0473745436228277,0.152961119349526,0.111140822629372,"CD52/ANXA1/SCNN1A/HSP90AA1/ATP1B1",5
"GO:0005751","GO:0005751","mitochondrial respiratory chain complex IV","3/264","22/7043",0.0473773378516231,0.152961119349526,0.111140822629372,"COX2/COX1/COX3",3
"GO:0045263","GO:0045263","proton-transporting ATP synthase complex, coupling factor F(o)","2/264","10/7043",0.0516421407551451,0.165157412415039,0.12000259122844,"ATP6/ATP8",2
"GO:0005769","GO:0005769","early endosome","13/264","212/7043",0.0548385251365179,0.173740747862426,0.126239201986672,"B2M/HLA-DRA/HLA-B/HLA-A/HLA-C/APOE/ANXA1/IFITM3/HLA-E/VAMP8/PLD3/RHOB/SNX3",13
"GO:0045277","GO:0045277","respiratory chain complex IV","3/264","24/7043",0.0589785174877662,0.185127013225488,0.134512408305432,"COX2/COX1/COX3",3
"GO:0019898","GO:0019898","extrinsic component of membrane","9/264","133/7043",0.0616021540348785,0.191588350622237,0.13920718536129,"S100A10/S100A6/ANXA1/GNAS/WDR45B/RAC1/ALOX15B/UBC/EZR",9
"GO:0005791","GO:0005791","rough endoplasmic reticulum","5/264","58/7043",0.0652228626608338,0.19919414812633,0.144733521694027,"RPL27/SFTPA1/SFTPA2/RPS21/SCGB1A1",5
"GO:0032587","GO:0032587","ruffle membrane","5/264","58/7043",0.0652228626608338,0.19919414812633,0.144733521694027,"ARF4/EEF1A1/RAC1/RPS3/EZR",5
"GO:0035577","GO:0035577","azurophil granule membrane","4/264","42/7043",0.0710398041679878,0.21502226440132,0.156234155782981,"PSAP/CD63/PIGR/VAMP8",4
"GO:0005774","GO:0005774","vacuolar membrane","14/264","243/7043",0.0719892866841439,0.215967860052432,0.156921221090728,"HLA-DRA/GRN/PSAP/HLA-DRB1/EEF1A1/HLA-DRB5/CD63/PIGR/IFITM3/HLA-DPA1/VAMP8/PLD3/CD164/IFITM1",14
"GO:0001726","GO:0001726","ruffle","7/264","99/7043",0.0774559630095495,0.230329574212608,0.167356374369664,"ARF4/S100A6/EEF1A1/S100A11/RAC1/RPS3/EZR",7
"GO:0005884","GO:0005884","actin filament","5/264","62/7043",0.0818629122807544,0.241317628375441,0.175340242322165,"ANXA1/RAC1/ACTG1/PLS3/EZR",5
"GO:1904724","GO:1904724","tertiary granule lumen","4/264","45/7043",0.0868363635679111,0.253771786633809,0.184389374545292,"B2M/QPCT/LYZ/ILF2",4
"GO:0042581","GO:0042581","specific granule","7/264","103/7043",0.0911799857334263,0.264188163791722,0.19195786470195,"B2M/QPCT/LYZ/PGRMC1/ILF2/VAMP8/LCN2",7
"GO:0031093","GO:0031093","platelet alpha granule lumen","4/264","46/7043",0.0924503790606364,0.265598970352167,0.192982950046288,"TIMP1/FGA/FGG/TMSB4X",4
"GO:0098797","GO:0098797","plasma membrane protein complex","13/264","234/7043",0.100405224086258,0.286028327439003,0.207826823849485,"B2M/HLA-DRA/HLA-B/HLA-A/S100A10/HLA-C/HLA-DRB1/HLA-DRB5/GNAS/RAC1/HLA-DPA1/HLA-E/ATP1B1",13
"GO:0070820","GO:0070820","tertiary granule","7/264","107/7043",0.106183330869736,0.296492649336322,0.215430150426018,"B2M/LGALS3/QPCT/LYZ/RAC1/ILF2/VAMP8",7
"GO:0001891","GO:0001891","phagocytic cup","2/264","15/7043",0.106702369377673,0.296492649336322,0.215430150426018,"ANXA1/RACK1",2
"GO:0097225","GO:0097225","sperm midpiece","2/264","15/7043",0.106702369377673,0.296492649336322,0.215430150426018,"CD52/HSP90AA1",2
"GO:0016324","GO:0016324","apical plasma membrane","11/264","193/7043",0.108835370732219,0.299960899822944,0.217950164752582,"AGER/ANXA1/SCNN1A/SCNN1B/HSP90AA1/MUC1/GNAS/AQP1/ATP1B1/AQP5/EZR",11
"GO:0009925","GO:0009925","basal plasma membrane","8/264","130/7043",0.114404694052158,0.312767671642593,0.227255504314134,"BSG/ANXA1/HSP90AA1/AQP1/ATP1B1/VSIG1/AQP5/EZR",8
"GO:0032588","GO:0032588","trans-Golgi network membrane","4/264","50/7043",0.116552466046243,0.316090287917411,0.229669701514281,"HLA-DRA/HLA-DRB1/HLA-DRB5/HLA-DPA1",4
"GO:0033177","GO:0033177","proton-transporting two-sector ATPase complex, proton-transporting domain","2/264","16/7043",0.119045293602725,0.320288528026379,0.232720122832395,"ATP6/ATP8",2
"GO:0031253","GO:0031253","cell projection membrane","9/264","154/7043",0.123735221906491,0.330285356112603,0.239983770626763,"ARF4/EEF1A1/S100P/SCNN1A/HSP90AA1/RAC1/AQP1/RPS3/EZR",9
"GO:0016469","GO:0016469","proton-transporting two-sector ATPase complex","3/264","33/7043",0.124907281917833,0.330579123933128,0.24019722092952,"ATP6/ATP8/ATP5F1B",3
"GO:0101002","GO:0101002","ficolin-1-rich granule","8/264","133/7043",0.12579559583296,0.330579123933128,0.24019722092952,"LGALS3/EEF1A1/GSTP1/QPCT/HSP90AA1/RAC1/ILF2/CALML5",8
"GO:0005882","GO:0005882","intermediate filament","4/264","52/7043",0.129532939749864,0.337782050578492,0.245430833210269,"KRT19/HLA-DRB1/KRT18/KRT17",4
"GO:0045177","GO:0045177","apical part of cell","12/264","225/7043",0.138087346105339,0.357340536868014,0.259641936429484,"AGER/ANXA1/SCNN1A/SCNN1B/HSP90AA1/MUC1/GNAS/ACTG1/AQP1/ATP1B1/AQP5/EZR",12
"GO:0016323","GO:0016323","basolateral plasma membrane","7/264","115/7043",0.139881320065969,0.359240662896694,0.261022558974775,"BSG/ANXA1/HSP90AA1/AQP1/ATP1B1/VSIG1/EZR",7
"GO:0045178","GO:0045178","basal part of cell","8/264","137/7043",0.141869301052922,0.361606714713839,0.262741720984438,"BSG/ANXA1/HSP90AA1/AQP1/ATP1B1/VSIG1/AQP5/EZR",8
"GO:0098562","GO:0098562","cytoplasmic side of membrane","6/264","95/7043",0.145417726489163,0.367885143879301,0.267303597788407,"S100A6/EEF1A1/RPL27/GNAS/RAC1/EZR",6
"GO:0045095","GO:0045095","keratin filament","2/264","19/7043",0.157900654929988,0.396506089046413,0.288099440574012,"KRT18/KRT17",2
"GO:0031312","GO:0031312","extrinsic component of organelle membrane","2/264","20/7043",0.171330080233641,0.425642688477565,0.309269955298091,"ANXA1/UBC",2
"GO:1904813","GO:1904813","ficolin-1-rich granule lumen","6/264","100/7043",0.172014891803618,0.425642688477565,0.309269955298091,"EEF1A1/GSTP1/QPCT/HSP90AA1/ILF2/CALML5",6
"GO:0030863","GO:0030863","cortical cytoskeleton","4/264","59/7043",0.179201460120194,0.437045287631265,0.317555029671529,"KRT19/EEF1A1/DSTN/EZR",4
"GO:0031091","GO:0031091","platelet alpha granule","4/264","59/7043",0.179201460120194,0.437045287631265,0.317555029671529,"TIMP1/FGA/FGG/TMSB4X",4
"GO:0001533","GO:0001533","cornified envelope","3/264","40/7043",0.188140585884425,0.455568990105858,0.331014263886883,"ANXA1/HSPB1/KRT17",3
"GO:0005938","GO:0005938","cell cortex","8/264","149/7043",0.195700675640435,0.470313641997605,0.341727657902312,"ENO1/KRT19/EEF1A1/PFN1/RAC1/DSTN/RHOB/EZR",8
"GO:0031528","GO:0031528","microvillus membrane","2/264","22/7043",0.198695112323983,0.470313641997605,0.341727657902312,"S100P/EZR",2
"GO:0019897","GO:0019897","extrinsic component of plasma membrane","5/264","83/7043",0.199779246158275,0.470313641997605,0.341727657902312,"S100A10/S100A6/ANXA1/GNAS/RAC1",5
"GO:0031256","GO:0031256","leading edge membrane","5/264","83/7043",0.199779246158275,0.470313641997605,0.341727657902312,"ARF4/EEF1A1/RAC1/RPS3/EZR",5
"GO:0005796","GO:0005796","Golgi lumen","4/264","64/7043",0.217992250578805,0.509650847904929,0.370309884830782,"LUM/SDC1/BGN/MUC1",4
"GO:0045111","GO:0045111","intermediate filament cytoskeleton","4/264","65/7043",0.226012365978685,0.52478213744366,0.381304207923665,"KRT19/HLA-DRB1/KRT18/KRT17",4
"GO:0140534","GO:0140534","endoplasmic reticulum protein-containing complex","5/264","88/7043",0.233802137309304,0.539176357468395,0.39176297980936,"B2M/HLA-A/TAPBP/HSPA5/PDIA3",5
"GO:0014704","GO:0014704","intercalated disc","2/264","25/7043",0.240557236056639,0.551006101508112,0.400358415627692,"ATP1B1/VAMP5",2
"GO:0031234","GO:0031234","extrinsic component of cytoplasmic side of plasma membrane","3/264","47/7043",0.257646153318612,0.586188228020198,0.425921581607596,"S100A6/GNAS/RAC1",3
"GO:0030864","GO:0030864","cortical actin cytoskeleton","3/264","48/7043",0.267877220799476,0.605402519006815,0.439882594154928,"KRT19/EEF1A1/DSTN",3
"GO:0005929","GO:0005929","cilium","8/264","165/7043",0.27813066655354,0.624412556037418,0.453695196748194,"BSG/CD52/ANXA1/SCNN1A/HSP90AA1/NAXE/ATP1B1/EZR",8
"GO:0031526","GO:0031526","brush border membrane","2/264","28/7043",0.282780411504585,0.626552676470942,0.455250198087876,"HSP90AA1/AQP1",2
"GO:0098636","GO:0098636","protein complex involved in cell adhesion","2/264","28/7043",0.282780411504585,0.626552676470942,0.455250198087876,"TNC/LGALS1",2
"GO:0005912","GO:0005912","adherens junction","5/264","98/7043",0.305914119080926,0.673408353041779,0.489295310081591,"KRT18/ANXA1/S100A11/ALOX15B/EZR",5
"GO:0005797","GO:0005797","Golgi medial cisterna","1/264","10/7043",0.317706407323308,0.681661215712668,0.495291800890434,"HLA-A",1
"GO:0034663","GO:0034663","endoplasmic reticulum chaperone complex","1/264","10/7043",0.317706407323308,0.681661215712668,0.495291800890434,"HSPA5",1
"GO:0042627","GO:0042627","chylomicron","1/264","10/7043",0.317706407323308,0.681661215712668,0.495291800890434,"APOE",1
"GO:0044295","GO:0044295","axonal growth cone","1/264","10/7043",0.317706407323308,0.681661215712668,0.495291800890434,"HSP90AA1",1
"GO:0031968","GO:0031968","organelle outer membrane","6/264","125/7043",0.327402816214177,0.689611873619415,0.501068711153371,"ENO1/IFI27/RPS27A/PGRMC1/UBC/PLA2G2A",6
"GO:0005802","GO:0005802","trans-Golgi network","6/264","126/7043",0.334097926224542,0.689611873619415,0.501068711153371,"HLA-DRA/GRN/HLA-DRB1/HLA-DRB5/RAC1/HLA-DPA1",6
"GO:0019867","GO:0019867","outer membrane","6/264","126/7043",0.334097926224542,0.689611873619415,0.501068711153371,"ENO1/IFI27/RPS27A/PGRMC1/UBC/PLA2G2A",6
"GO:0005902","GO:0005902","microvillus","3/264","55/7043",0.340311826321224,0.689611873619415,0.501068711153371,"S100P/AQP5/EZR",3
"GO:0033116","GO:0033116","endoplasmic reticulum-Golgi intermediate compartment membrane","3/264","55/7043",0.340311826321224,0.689611873619415,0.501068711153371,"TAPBP/AREG/TMED9",3
"GO:0005834","GO:0005834","heterotrimeric G-protein complex","1/264","11/7043",0.343317883004617,0.689611873619415,0.501068711153371,"GNAS",1
"GO:0031462","GO:0031462","Cul2-RING ubiquitin ligase complex","1/264","11/7043",0.343317883004617,0.689611873619415,0.501068711153371,"ELOB",1
"GO:0042583","GO:0042583","chromaffin granule","1/264","11/7043",0.343317883004617,0.689611873619415,0.501068711153371,"CHGA",1
"GO:0043020","GO:0043020","NADPH oxidase complex","1/264","11/7043",0.343317883004617,0.689611873619415,0.501068711153371,"RAC1",1
"GO:0098686","GO:0098686","hippocampal mossy fiber to CA3 synapse","1/264","11/7043",0.343317883004617,0.689611873619415,0.501068711153371,"YWHAZ",1
"GO:0009898","GO:0009898","cytoplasmic side of plasma membrane","4/264","79/7043",0.343788810152452,0.689611873619415,0.501068711153371,"S100A6/GNAS/RAC1/EZR",4
"GO:0101003","GO:0101003","ficolin-1-rich granule membrane","2/264","33/7043",0.352468413574974,0.702863483540684,0.510697267966217,"LGALS3/RAC1",2
"GO:0031965","GO:0031965","nuclear membrane","7/264","154/7043",0.356007664851763,0.705769581197354,0.512808824717221,"GAPDH/ENO1/ALOX5AP/IFI27/CCNI/AQP1/TMEM176B",7
"GO:0030016","GO:0030016","myofibril","4/264","81/7043",0.361004685365588,0.711515048482177,0.51698345395072,"ENO1/KRT19/HSPB1/ACTG1",4
"GO:0005767","GO:0005767","secondary lysosome","1/264","12/7043",0.367971477840621,0.716909948206728,0.520903362460408,"FTL",1
"GO:0031045","GO:0031045","dense core granule","1/264","12/7043",0.367971477840621,0.716909948206728,0.520903362460408,"CHGA",1
"GO:0005903","GO:0005903","brush border","3/264","58/7043",0.37135204932731,0.7177069379114,0.521482451393472,"HSP90AA1/AQP1/EZR",3
"GO:0031252","GO:0031252","cell leading edge","9/264","207/7043",0.372614811423028,0.7177069379114,0.521482451393472,"ARF4/S100A6/EEF1A1/S100A11/BRK1/RAC1/RPS3/EZR/PABPC1",9
"GO:0016328","GO:0016328","lateral plasma membrane","2/264","35/7043",0.379738006635005,0.727294826267043,0.528448965522397,"ANXA1/ATP1B1",2
"GO:0048471","GO:0048471","perinuclear region of cytoplasm","15/264","364/7043",0.390010918473499,0.733631371876872,0.533053069458742,"GAPDH/SPP1/S100A6/S100A4/KRT18/RACK1/HSP90AA1/IFITM3/MRFAP1/CHGA/VAMP8/S100A14/PLA2G2A/VAMP5/EZR",15
"GO:0001917","GO:0001917","photoreceptor inner segment","1/264","13/7043",0.391702885869362,0.733631371876872,0.533053069458742,"BSG",1
"GO:0016327","GO:0016327","apicolateral plasma membrane","1/264","13/7043",0.391702885869362,0.733631371876872,0.533053069458742,"KRT19",1
"GO:0031941","GO:0031941","filamentous actin","1/264","13/7043",0.391702885869362,0.733631371876872,0.533053069458742,"ACTG1",1
"GO:0005741","GO:0005741","mitochondrial outer membrane","5/264","112/7043",0.41079847655572,0.735765734766873,0.534603887394654,"IFI27/RPS27A/PGRMC1/UBC/PLA2G2A",5
"GO:0043292","GO:0043292","contractile fiber","4/264","87/7043",0.412459687458955,0.735765734766873,0.534603887394654,"ENO1/KRT19/HSPB1/ACTG1",4
"GO:0000803","GO:0000803","sex chromosome","1/264","14/7043",0.414546475930598,0.735765734766873,0.534603887394654,"H3-3B",1
"GO:0005640","GO:0005640","nuclear outer membrane","1/264","14/7043",0.414546475930598,0.735765734766873,0.534603887394654,"ENO1",1
"GO:0016282","GO:0016282","eukaryotic 43S preinitiation complex","1/264","14/7043",0.414546475930598,0.735765734766873,0.534603887394654,"EIF1",1
"GO:0031233","GO:0031233","intrinsic component of external side of plasma membrane","1/264","14/7043",0.414546475930598,0.735765734766873,0.534603887394654,"F3",1
"GO:0033178","GO:0033178","proton-transporting two-sector ATPase complex, catalytic domain","1/264","14/7043",0.414546475930598,0.735765734766873,0.534603887394654,"ATP5F1B",1
"GO:0034361","GO:0034361","very-low-density lipoprotein particle","1/264","14/7043",0.414546475930598,0.735765734766873,0.534603887394654,"APOE",1
"GO:0034385","GO:0034385","triglyceride-rich plasma lipoprotein particle","1/264","14/7043",0.414546475930598,0.735765734766873,0.534603887394654,"APOE",1
"GO:1905360","GO:1905360","GTPase complex","1/264","14/7043",0.414546475930598,0.735765734766873,0.534603887394654,"GNAS",1
"GO:0044291","GO:0044291","cell-cell contact zone","2/264","38/7043",0.419696085345127,0.741025900687491,0.538425898962499,"ATP1B1/VAMP5",2
"GO:0000407","GO:0000407","phagophore assembly site","1/264","15/7043",0.436535340684379,0.758899899958997,0.55141306191711,"WDR45B",1
"GO:0034364","GO:0034364","high-density lipoprotein particle","1/264","15/7043",0.436535340684379,0.758899899958997,0.55141306191711,"APOE",1
"GO:0070993","GO:0070993","translation preinitiation complex","1/264","15/7043",0.436535340684379,0.758899899958997,0.55141306191711,"EIF1",1
"GO:0001669","GO:0001669","acrosomal vesicle","2/264","40/7043",0.445599308870165,0.768003010516847,0.558027338801249,"BSG/SCNN1A",2
"GO:0005793","GO:0005793","endoplasmic reticulum-Golgi intermediate compartment","4/264","91/7043",0.446302634430144,0.768003010516847,0.558027338801249,"TAPBP/HSPA5/AREG/TMED9",4
"GO:0031225","GO:0031225","anchored component of membrane","3/264","66/7043",0.452354897644951,0.774486415664841,0.562738150180322,"LY6E/CD52/EFNA1",3
"GO:0030315","GO:0030315","T-tubule","1/264","16/7043",0.457701343823155,0.77970228922638,0.566527979130486,"ATP1B1",1
"GO:0036464","GO:0036464","cytoplasmic ribonucleoprotein granule","5/264","119/7043",0.462772964225192,0.7844001743617,0.569941440151025,"ZFP36L1/RPS4X/RAC1/YBX1/PABPC1",5
"GO:0030018","GO:0030018","Z disc","2/264","42/7043",0.47084770726793,0.790573078630901,0.5744266430667,"KRT19/HSPB1",2
"GO:0099512","GO:0099512","supramolecular fiber","15/264","385/7043",0.477225296409406,0.790573078630901,0.5744266430667,"LUM/ENO1/KRT19/HLA-DRB1/COL3A1/KRT18/ANXA1/HSPB1/TUBB4B/RAC1/ACTG1/KRT17/PLS3/EZR/COL1A2",15
"GO:0098978","GO:0098978","glutamatergic synapse","5/264","121/7043",0.477395859014928,0.790573078630901,0.5744266430667,"ARF4/APOE/PFN1/RAC1/YWHAZ",5
"GO:0042827","GO:0042827","platelet dense granule","1/264","17/7043",0.47807516554376,0.790573078630901,0.5744266430667,"CD63",1
"GO:0070971","GO:0070971","endoplasmic reticulum exit site","1/264","17/7043",0.47807516554376,0.790573078630901,0.5744266430667,"HLA-A",1
"GO:0031674","GO:0031674","I band","2/264","43/7043",0.483212181906996,0.795188978963455,0.577780534319045,"KRT19/HSPB1",2
"GO:0099081","GO:0099081","supramolecular polymer","15/264","389/7043",0.493740330576827,0.797029116981376,0.579117569860711,"LUM/ENO1/KRT19/HLA-DRB1/COL3A1/KRT18/ANXA1/HSPB1/TUBB4B/RAC1/ACTG1/KRT17/PLS3/EZR/COL1A2",15
"GO:0034703","GO:0034703","cation channel complex","2/264","44/7043",0.495397245495687,0.797029116981376,0.579117569860711,"SCNN1A/SCNN1B",2
"GO:0005689","GO:0005689","U12-type spliceosomal complex","1/264","18/7043",0.49768634634314,0.797029116981376,0.579117569860711,"YBX1",1
"GO:0032585","GO:0032585","multivesicular body membrane","1/264","18/7043",0.49768634634314,0.797029116981376,0.579117569860711,"CD63",1
"GO:0060170","GO:0060170","ciliary membrane","1/264","18/7043",0.49768634634314,0.797029116981376,0.579117569860711,"SCNN1A",1
"GO:0030017","GO:0030017","sarcomere","3/264","71/7043",0.500788206244935,0.797029116981376,0.579117569860711,"ENO1/KRT19/HSPB1",3
"GO:0098862","GO:0098862","cluster of actin-based cell projections","3/264","71/7043",0.500788206244935,0.797029116981376,0.579117569860711,"HSP90AA1/AQP1/EZR",3
"GO:0043679","GO:0043679","axon terminus","2/264","45/7043",0.507398940187848,0.803776825811591,0.584020423039628,"CALCA/ACTG1",2
"GO:0001750","GO:0001750","photoreceptor outer segment","1/264","19/7043",0.516563329199426,0.814488226040026,0.591803275557727,"BSG",1
"GO:0035770","GO:0035770","ribonucleoprotein granule","5/264","127/7043",0.52041615034184,0.816764235953165,0.593457013547712,"ZFP36L1/RPS4X/RAC1/YBX1/PABPC1",5
"GO:0008023","GO:0008023","transcription elongation factor complex","1/264","20/7043",0.534733500197626,0.827738157840161,0.601430613055729,"ELOB",1
"GO:0031201","GO:0031201","SNARE complex","1/264","20/7043",0.534733500197626,0.827738157840161,0.601430613055729,"VAMP8",1
"GO:0043195","GO:0043195","terminal bouton","1/264","20/7043",0.534733500197626,0.827738157840161,0.601430613055729,"CALCA",1
"GO:0005758","GO:0005758","mitochondrial intermembrane space","2/264","48/7043",0.542272209512919,0.835592177385816,0.607137306344608,"NDUFS5/NDUFB7",2
"GO:0010494","GO:0010494","cytoplasmic stress granule","2/264","50/7043",0.564554642391027,0.853586849723716,0.620212149775965,"YBX1/PABPC1",2
"GO:0098791","GO:0098791","Golgi apparatus subcompartment","7/264","189/7043",0.56799501326855,0.853586849723716,0.620212149775965,"HLA-DRA/GRN/HLA-A/HLA-DRB1/HLA-DRB5/RAC1/HLA-DPA1",7
"GO:0030140","GO:0030140","trans-Golgi network transport vesicle","1/264","22/7043",0.569057899815811,0.853586849723716,0.620212149775965,"TMED9",1
"GO:0030867","GO:0030867","rough endoplasmic reticulum membrane","1/264","22/7043",0.569057899815811,0.853586849723716,0.620212149775965,"RPL27",1
"GO:0034358","GO:0034358","plasma lipoprotein particle","1/264","22/7043",0.569057899815811,0.853586849723716,0.620212149775965,"APOE",1
"GO:1990777","GO:1990777","lipoprotein particle","1/264","22/7043",0.569057899815811,0.853586849723716,0.620212149775965,"APOE",1
"GO:0005635","GO:0005635","nuclear envelope","9/264","247/7043",0.58381212451074,0.860047628026188,0.624906520596578,"GAPDH/ENO1/S100A6/ALOX5AP/SCGB1A1/IFI27/CCNI/AQP1/TMEM176B",9
"GO:0031304","GO:0031304","intrinsic component of mitochondrial inner membrane","1/264","23/7043",0.585261961124546,0.860047628026188,0.624906520596578,"CYTB",1
"GO:0031305","GO:0031305","integral component of mitochondrial inner membrane","1/264","23/7043",0.585261961124546,0.860047628026188,0.624906520596578,"CYTB",1
"GO:0032994","GO:0032994","protein-lipid complex","1/264","23/7043",0.585261961124546,0.860047628026188,0.624906520596578,"APOE",1
"GO:0044306","GO:0044306","neuron projection terminus","2/264","52/7043",0.586050153610766,0.860047628026188,0.624906520596578,"CALCA/ACTG1",2
"GO:0000139","GO:0000139","Golgi membrane","13/264","358/7043",0.588947832667633,0.860574634803135,0.625289441216996,"B2M/HLA-DRA/HLA-B/HLA-A/HLA-C/HLA-DRB1/TAPBP/BSG/HLA-DRB5/HLA-DPA1/HLA-E/PLD3/TMED9",13
"GO:0150034","GO:0150034","distal axon","4/264","111/7043",0.603144524072568,0.877536453478973,0.637613818084395,"CALCA/BASP1/HSP90AA1/ACTG1",4
"GO:0043209","GO:0043209","myelin sheath","1/264","25/7043",0.615871518499633,0.888427424559045,0.645527145930186,"HSP90AA1",1
"GO:0097733","GO:0097733","photoreceptor cell cilium","1/264","25/7043",0.615871518499633,0.888427424559045,0.645527145930186,"BSG",1
"GO:0005811","GO:0005811","lipid droplet","2/264","56/7043",0.626664588010068,0.892602081241231,0.648560431642441,"GAPDH/FABP4",2
"GO:0031970","GO:0031970","organelle envelope lumen","2/264","56/7043",0.626664588010068,0.892602081241231,0.648560431642441,"NDUFS5/NDUFB7",2
"GO:0035579","GO:0035579","specific granule membrane","2/264","56/7043",0.626664588010068,0.892602081241231,0.648560431642441,"PGRMC1/VAMP8",2
"GO:0046658","GO:0046658","anchored component of plasma membrane","1/264","26/7043",0.630321492725352,0.894054334869851,0.649615632229607,"EFNA1",1
"GO:0009295","GO:0009295","nucleoid","1/264","27/7043",0.644229876068733,0.904636081175498,0.65730427882337,"ATP5F1B",1
"GO:0042645","GO:0042645","mitochondrial nucleoid","1/264","27/7043",0.644229876068733,0.904636081175498,0.65730427882337,"ATP5F1B",1
"GO:0034702","GO:0034702","ion channel complex","2/264","58/7043",0.645787408980739,0.904636081175498,0.65730427882337,"SCNN1A/SCNN1B",2
"GO:0043197","GO:0043197","dendritic spine","2/264","59/7043",0.655055534527713,0.910097648380716,0.661272627607786,"ARF4/RAC1",2
"GO:0044309","GO:0044309","neuron spine","2/264","59/7043",0.655055534527713,0.910097648380716,0.661272627607786,"ARF4/RAC1",2
"GO:0099513","GO:0099513","polymeric cytoskeletal fiber","10/264","292/7043",0.662125497164307,0.916165483831429,0.66568148801911,"KRT19/HLA-DRB1/KRT18/ANXA1/TUBB4B/RAC1/ACTG1/KRT17/PLS3/EZR",10
"GO:0000791","GO:0000791","euchromatin","1/264","29/7043",0.670502016607022,0.918668467770252,0.667500144257845,"TRIM28",1
"GO:0090575","GO:0090575","RNA polymerase II transcription regulator complex","4/264","121/7043",0.670761950983784,0.918668467770252,0.667500144257845,"S100A10/XBP1/ASCL1/TRIM28",4
"GO:0016363","GO:0016363","nuclear matrix","2/264","61/7043",0.673011579582162,0.918668467770252,0.667500144257845,"S100A10/BASP1",2
"GO:0005604","GO:0005604","basement membrane","2/264","62/7043",0.681702570757996,0.918668467770252,0.667500144257845,"TIMP1/TNC",2
"GO:0032154","GO:0032154","cleavage furrow","1/264","30/7043",0.682903993740718,0.918668467770252,0.667500144257845,"RHOB",1
"GO:0098685","GO:0098685","Schaffer collateral - CA1 synapse","1/264","30/7043",0.682903993740718,0.918668467770252,0.667500144257845,"ACTG1",1
"GO:1904115","GO:1904115","axon cytoplasm","1/264","30/7043",0.682903993740718,0.918668467770252,0.667500144257845,"HSPB1",1
"GO:0044853","GO:0044853","plasma membrane raft","2/264","63/7043",0.690204513318826,0.920121314446898,0.66855577575089,"ATP1B1/EZR",2
"GO:0000307","GO:0000307","cyclin-dependent protein kinase holoenzyme complex","1/264","31/7043",0.694840874626566,0.920121314446898,0.66855577575089,"CCNI",1
"GO:0005637","GO:0005637","nuclear inner membrane","1/264","31/7043",0.694840874626566,0.920121314446898,0.66855577575089,"IFI27",1
"GO:0097731","GO:0097731","9+0 non-motile cilium","1/264","31/7043",0.694840874626566,0.920121314446898,0.66855577575089,"BSG",1
"GO:0001650","GO:0001650","fibrillar center","2/264","67/7043",0.722361616738578,0.952842755153221,0.69233101911459,"AGER/EZR",2
"GO:0015629","GO:0015629","actin cytoskeleton","8/264","252/7043",0.735285667049664,0.955627965791669,0.694354739932466,"KRT19/EEF1A1/ANXA1/RAC1/ACTG1/DSTN/PLS3/EZR",8
"GO:0097730","GO:0097730","non-motile cilium","1/264","35/7043",0.738275436643923,0.955627965791669,0.694354739932466,"BSG",1
"GO:0030426","GO:0030426","growth cone","2/264","70/7043",0.744598610176463,0.955627965791669,0.694354739932466,"BASP1/HSP90AA1",2
"GO:0017053","GO:0017053","transcription repressor complex","1/264","36/7043",0.748134923619665,0.955627965791669,0.694354739932466,"HDGF",1
"GO:0032153","GO:0032153","cell division site","1/264","36/7043",0.748134923619665,0.955627965791669,0.694354739932466,"RHOB",1
"GO:0030427","GO:0030427","site of polarized growth","2/264","71/7043",0.751665578406362,0.955627965791669,0.694354739932466,"BASP1/HSP90AA1",2
"GO:0043025","GO:0043025","neuronal cell body","6/264","197/7043",0.754660754527105,0.955627965791669,0.694354739932466,"CALCA/APOE/RACK1/HSP90AA1/PGRMC1/ASCL1",6
"GO:0016234","GO:0016234","inclusion body","1/264","37/7043",0.757624345649694,0.955627965791669,0.694354739932466,"GPX1",1
"GO:0044297","GO:0044297","cell body","7/264","228/7043",0.758223011086102,0.955627965791669,0.694354739932466,"CALCA/APOE/RACK1/HSP90AA1/PGRMC1/ASCL1/NAXE",7
"GO:1905368","GO:1905368","peptidase complex","2/264","72/7043",0.758564140684877,0.955627965791669,0.694354739932466,"HSPB1/F3",2
"GO:0030027","GO:0030027","lamellipodium","3/264","105/7043",0.760095347146675,0.955627965791669,0.694354739932466,"BRK1/RAC1/PABPC1",3
"GO:0034399","GO:0034399","nuclear periphery","2/264","73/7043",0.765296936536326,0.955627965791669,0.694354739932466,"S100A10/BASP1",2
"GO:0000315","GO:0000315","organellar large ribosomal subunit","1/264","38/7043",0.766757541874141,0.955627965791669,0.694354739932466,"MRPL41",1
"GO:0005762","GO:0005762","mitochondrial large ribosomal subunit","1/264","38/7043",0.766757541874141,0.955627965791669,0.694354739932466,"MRPL41",1
"GO:0045171","GO:0045171","intercellular bridge","1/264","38/7043",0.766757541874141,0.955627965791669,0.694354739932466,"TUBB4B",1
"GO:0032592","GO:0032592","integral component of mitochondrial membrane","1/264","39/7043",0.775547835799227,0.957763565398519,0.695906456460964,"CYTB",1
"GO:0036064","GO:0036064","ciliary basal body","1/264","39/7043",0.775547835799227,0.957763565398519,0.695906456460964,"EZR",1
"GO:0005911","GO:0005911","cell-cell junction","8/264","263/7043",0.776946845087295,0.957763565398519,0.695906456460964,"KRT18/ANXA1/S100A11/ALOX15B/ACTG1/ATP1B1/VAMP5/EZR",8
"GO:0000792","GO:0000792","heterochromatin","1/264","40/7043",0.784008054438434,0.959073789959008,0.696858459401981,"TRIM28",1
"GO:0098573","GO:0098573","intrinsic component of mitochondrial membrane","1/264","40/7043",0.784008054438434,0.959073789959008,0.696858459401981,"CYTB",1
"GO:0043005","GO:0043005","neuron projection","15/264","473/7043",0.787632526273471,0.959073789959008,0.696858459401981,"ND5/ARF4/BSG/CALCA/BASP1/S100A4/APOE/RACK1/HSPB1/HSP90AA1/RAC1/PGRMC1/ACTG1/GRP/AQP1",15
"GO:0000932","GO:0000932","P-body","1/264","41/7043",0.792150546745767,0.959073789959008,0.696858459401981,"ZFP36L1",1
"GO:0005681","GO:0005681","spliceosomal complex","3/264","111/7043",0.792351676248926,0.959073789959008,0.696858459401981,"LGALS3/YBX1/PABPC1",3
"GO:0072686","GO:0072686","mitotic spindle","2/264","78/7043",0.796569197217266,0.959073789959008,0.696858459401981,"TUBB4B/RPS3",2
"GO:0005901","GO:0005901","caveola","1/264","43/7043",0.807529463735277,0.959073789959008,0.696858459401981,"ATP1B1",1
"GO:0016605","GO:0016605","PML body","1/264","43/7043",0.807529463735277,0.959073789959008,0.696858459401981,"BASP1",1
"GO:0098858","GO:0098858","actin-based cell projection","3/264","115/7043",0.811796319685336,0.959073789959008,0.696858459401981,"S100P/AQP5/EZR",3
"GO:0000502","GO:0000502","proteasome complex","1/264","44/7043",0.814788352531547,0.959073789959008,0.696858459401981,"HSPB1",1
"GO:0034451","GO:0034451","centriolar satellite","1/264","44/7043",0.814788352531547,0.959073789959008,0.696858459401981,"KRT18",1
"GO:0070821","GO:0070821","tertiary granule membrane","1/264","44/7043",0.814788352531547,0.959073789959008,0.696858459401981,"VAMP8",1
"GO:0120111","GO:0120111","neuron projection cytoplasm","1/264","44/7043",0.814788352531547,0.959073789959008,0.696858459401981,"HSPB1",1
"GO:0030424","GO:0030424","axon","7/264","247/7043",0.825728711538705,0.968485645602,0.703697068998193,"BSG/CALCA/BASP1/HSPB1/HSP90AA1/ACTG1/AQP1",7
"GO:0043204","GO:0043204","perikaryon","1/264","46/7043",0.828498044910266,0.968485645602,0.703697068998193,"RACK1",1
"GO:0005798","GO:0005798","Golgi-associated vesicle","1/264","48/7043",0.841196480851421,0.979950539548562,0.712027406472174,"TMED9",1
"GO:0045121","GO:0045121","membrane raft","5/264","191/7043",0.84980576578027,0.986589570546272,0.716851294854301,"PGK1/S100A10/BSG/ATP1B1/EZR",5
"GO:0098857","GO:0098857","membrane microdomain","5/264","192/7043",0.852944146326649,0.986853466227761,0.717043040202752,"PGK1/S100A10/BSG/ATP1B1/EZR",5
"GO:0005776","GO:0005776","autophagosome","1/264","54/7043",0.873940724630858,0.998702592290346,0.725652558906819,"FTL",1
"GO:0032432","GO:0032432","actin filament bundle","1/264","54/7043",0.873940724630858,0.998702592290346,0.725652558906819,"PLS3",1
"GO:1902554","GO:1902554","serine/threonine protein kinase complex","1/264","55/7043",0.878702442859139,0.998702592290346,0.725652558906819,"CCNI",1
"GO:0000313","GO:0000313","organellar ribosome","1/264","56/7043",0.88328494931094,0.998702592290346,0.725652558906819,"MRPL41",1
"GO:0005761","GO:0005761","mitochondrial ribosome","1/264","56/7043",0.88328494931094,0.998702592290346,0.725652558906819,"MRPL41",1
"GO:1905369","GO:1905369","endopeptidase complex","1/264","58/7043",0.891938956302466,0.998702592290346,0.725652558906819,"HSPB1",1
"GO:0030496","GO:0030496","midbody","2/264","100/7043",0.894420095131726,0.998702592290346,0.725652558906819,"HSPA5/RACK1",2
"GO:0031985","GO:0031985","Golgi cisterna","1/264","60/7043",0.899953549499287,0.998702592290346,0.725652558906819,"HLA-A",1
"GO:0071013","GO:0071013","catalytic step 2 spliceosome","1/264","60/7043",0.899953549499287,0.998702592290346,0.725652558906819,"PABPC1",1
"GO:1902911","GO:1902911","protein kinase complex","1/264","60/7043",0.899953549499287,0.998702592290346,0.725652558906819,"CCNI",1
"GO:0030175","GO:0030175","filopodium","1/264","61/7043",0.903735915664573,0.998702592290346,0.725652558906819,"EZR",1
"GO:0036477","GO:0036477","somatodendritic compartment","8/264","311/7043",0.903981460260877,0.998702592290346,0.725652558906819,"ARF4/CALCA/APOE/RACK1/HSP90AA1/RAC1/PGRMC1/ASCL1",8
"GO:0030425","GO:0030425","dendrite","5/264","213/7043",0.907222503106772,0.998702592290346,0.725652558906819,"ARF4/APOE/RACK1/HSP90AA1/RAC1",5
"GO:0097447","GO:0097447","dendritic tree","5/264","213/7043",0.907222503106772,0.998702592290346,0.725652558906819,"ARF4/APOE/RACK1/HSP90AA1/RAC1",5
"GO:0031461","GO:0031461","cullin-RING ubiquitin ligase complex","1/264","62/7043",0.907375806564681,0.998702592290346,0.725652558906819,"ELOB",1
"GO:0000786","GO:0000786","nucleosome","1/264","64/7043",0.91424935126287,0.999989627442677,0.726587712534036,"H3-3B",1
"GO:0005759","GO:0005759","mitochondrial matrix","5/264","229/7043",0.935989876593528,0.999989627442677,0.726587712534036,"GPX1/MRPL41/ATP5F1B/NAXE/RPS3",5
"GO:0000776","GO:0000776","kinetochore","1/264","72/7043",0.937021630724613,0.999989627442677,0.726587712534036,"H3-3B",1
"GO:0043296","GO:0043296","apical junction complex","1/264","73/7043",0.939406695921673,0.999989627442677,0.726587712534036,"ACTG1",1
"GO:0005667","GO:0005667","transcription regulator complex","5/264","234/7043",0.943186357595478,0.999989627442677,0.726587712534036,"S100A10/XBP1/ASCL1/TRIM28/HDGF",5
"GO:0032838","GO:0032838","plasma membrane bounded cell projection cytoplasm","1/264","75/7043",0.943910221709757,0.999989627442677,0.726587712534036,"HSPB1",1
"GO:0000779","GO:0000779","condensed chromosome, centromeric region","1/264","76/7043",0.946035322379766,0.999989627442677,0.726587712534036,"H3-3B",1
"GO:0008021","GO:0008021","synaptic vesicle","1/264","76/7043",0.946035322379766,0.999989627442677,0.726587712534036,"TMED9",1
"GO:0000781","GO:0000781","chromosome, telomeric region","1/264","78/7043",0.950047877179971,0.999989627442677,0.726587712534036,"H3-3B",1
"GO:0005795","GO:0005795","Golgi stack","1/264","78/7043",0.950047877179971,0.999989627442677,0.726587712534036,"HLA-A",1
"GO:0098802","GO:0098802","plasma membrane signaling receptor complex","1/264","78/7043",0.950047877179971,0.999989627442677,0.726587712534036,"B2M",1
"GO:0044815","GO:0044815","DNA packaging complex","1/264","82/7043",0.957203013129408,0.999989627442677,0.726587712534036,"H3-3B",1
"GO:0098793","GO:0098793","presynapse","3/264","172/7043",0.959716032184904,0.999989627442677,0.726587712534036,"CALCA/ACTG1/TMED9",3
"GO:0099568","GO:0099568","cytoplasmic region","1/264","85/7043",0.961890626528333,0.999989627442677,0.726587712534036,"HSPB1",1
"GO:0070382","GO:0070382","exocytic vesicle","1/264","86/7043",0.963336569988598,0.999989627442677,0.726587712534036,"TMED9",1
"GO:0005819","GO:0005819","spindle","3/264","182/7043",0.969910998055261,0.999989627442677,0.726587712534036,"HSPB1/TUBB4B/RPS3",3
"GO:0000228","GO:0000228","nuclear chromosome","1/264","98/7043",0.976961390906001,0.999989627442677,0.726587712534036,"H3-3B",1
"GO:0032993","GO:0032993","protein-DNA complex","1/264","103/7043",0.98102081131807,0.999989627442677,0.726587712534036,"H3-3B",1
"GO:0000793","GO:0000793","condensed chromosome","1/264","108/7043",0.984367185527371,0.999989627442677,0.726587712534036,"H3-3B",1
"GO:0000151","GO:0000151","ubiquitin ligase complex","1/264","112/7043",0.986615560160871,0.999989627442677,0.726587712534036,"ELOB",1
"GO:0000775","GO:0000775","chromosome, centromeric region","1/264","116/7043",0.988541611771326,0.999989627442677,0.726587712534036,"H3-3B",1
"GO:0061695","GO:0061695","transferase complex, transferring phosphorus-containing groups","1/264","121/7043",0.990565436568932,0.999989627442677,0.726587712534036,"CCNI",1
"GO:0043235","GO:0043235","receptor complex","2/264","176/7043",0.991144685695812,0.999989627442677,0.726587712534036,"B2M/PIGR",2
"GO:0098687","GO:0098687","chromosomal region","1/264","178/7043",0.998981117048985,0.999989627442677,0.726587712534036,"H3-3B",1
"GO:0005874","GO:0005874","microtubule","1/264","182/7043",0.99912906473865,0.999989627442677,0.726587712534036,"TUBB4B",1
"GO:0016607","GO:0016607","nuclear speck","1/264","200/7043",0.99957060122608,0.999989627442677,0.726587712534036,"BASP1",1
"GO:0140535","GO:0140535","intracellular protein-containing complex","4/264","366/7043",0.999603608400003,0.999989627442677,0.726587712534036,"FTL/HSPB1/ELOB/YBX1",4
"GO:0005813","GO:0005813","centrosome","1/264","230/7043",0.999868432049716,0.999989627442677,0.726587712534036,"KRT18",1
"GO:0005815","GO:0005815","microtubule organizing center","2/264","301/7043",0.999896050967248,0.999989627442677,0.726587712534036,"KRT18/EZR",2
"GO:1990234","GO:1990234","transferase complex","2/264","328/7043",0.999961647179578,0.999989627442677,0.726587712534036,"ELOB/CCNI",2
"GO:0016604","GO:0016604","nuclear body","2/264","363/7043",0.999989627442677,0.999989627442677,0.726587712534036,"BASP1/SH3BGRL3",2
